{"mse": 0.13898866381043848, "mae": 0.23678952808733336, "rmse": 0.37281183432187137}